<?xml version="1.0" encoding="UTF-8"?>
<project name="module_hateit" default="compile.module.hateit">
  <dirname property="module.hateit.basedir" file="${ant.file.module_hateit}"/>
  
  <property name="module.jdk.home.hateit" value="${project.jdk.home}"/>
  <property name="module.jdk.bin.hateit" value="${project.jdk.bin}"/>
  <property name="module.jdk.classpath.hateit" value="${project.jdk.classpath}"/>
  
  <property name="compiler.args.hateit" value="-encoding UTF-8 -source 8 -target 8 ${compiler.args}"/>
  
  <property name="hateit.output.dir" value="${module.hateit.basedir}/out/production/Hateit"/>
  <property name="hateit.testoutput.dir" value="${module.hateit.basedir}/out/test/Hateit"/>
  
  <path id="hateit.module.bootclasspath">
    <!-- Paths to be included in compilation bootclasspath -->
  </path>
  
  <path id="hateit.module.production.classpath">
    <path refid="${module.jdk.classpath.hateit}"/>
  </path>
  
  <path id="hateit.runtime.production.module.classpath">
    <pathelement location="${hateit.output.dir}"/>
  </path>
  
  <path id="hateit.module.classpath">
    <path refid="${module.jdk.classpath.hateit}"/>
    <pathelement location="${hateit.output.dir}"/>
  </path>
  
  <path id="hateit.runtime.module.classpath">
    <pathelement location="${hateit.testoutput.dir}"/>
    <pathelement location="${hateit.output.dir}"/>
  </path>
  
  
  <patternset id="excluded.from.module.hateit">
    <patternset refid="ignored.files"/>
  </patternset>
  
  <patternset id="excluded.from.compilation.hateit">
    <patternset refid="excluded.from.module.hateit"/>
  </patternset>
  
  <path id="hateit.module.sourcepath">
    <dirset dir="${module.hateit.basedir}">
      <include name="src"/>
    </dirset>
  </path>
  
  
  <target name="compile.module.hateit" depends="compile.module.hateit.production,compile.module.hateit.tests" description="Compile module Hateit"/>
  
  <target name="compile.module.hateit.production" depends="register.custom.compilers" description="Compile module Hateit; production classes">
    <mkdir dir="${hateit.output.dir}"/>
    <javac2 destdir="${hateit.output.dir}" debug="${compiler.debug}" nowarn="${compiler.generate.no.warnings}" memorymaximumsize="${compiler.max.memory}" fork="true" executable="${module.jdk.bin.hateit}/javac">
      <compilerarg line="${compiler.args.hateit}"/>
      <bootclasspath refid="hateit.module.bootclasspath"/>
      <classpath refid="hateit.module.production.classpath"/>
      <src refid="hateit.module.sourcepath"/>
      <patternset refid="excluded.from.compilation.hateit"/>
    </javac2>
    
    <copy todir="${hateit.output.dir}">
      <fileset dir="${module.hateit.basedir}/src">
        <patternset refid="compiler.resources"/>
        <type type="file"/>
      </fileset>
    </copy>
  </target>
  
  <target name="compile.module.hateit.tests" depends="register.custom.compilers,compile.module.hateit.production" description="compile module Hateit; test classes" unless="skip.tests"/>
  
  <target name="clean.module.hateit" description="cleanup module">
    <delete dir="${hateit.output.dir}"/>
    <delete dir="${hateit.testoutput.dir}"/>
  </target>
</project>